"Grant_Number","UsageRate"
"ASC160034",1.01431892621103
"ASC160042",2
"MCB150133",0.0664001001244784
"EAR180031",0.291954615293071
"BIO180028",0
"MCB170162",0.994882391614138
"SBE180003",0.00552555432619289
"SES160015",0.729151631472632
"MCB160110",0.0197347689014736
"CTS150073",0.0497852037660778
"BIO170068",1
"DMR170102",0.666786367702298
"PHY170006",1.06942099367734
"PHY180012",0.969072176632471
"CTS160025",1.4246618966572
"CTS160045",0
"BIO180020",0
"DMR180051",0.0196038204861924
"AST160029",0.0282553405592618
"BIO160013",0.039885166566819
"ECD180001",1.05126564176574
"CHE180013",0.0885519795119762
"PHY180021",0.00904290599043557
"ATM170002",1.08324467591707
"DMR160096",0.420881156809628
"CIE170032",0.391651247744449
"DMR180050",0.024356588020853
"DMR180075",0.933932998217642
"CDA160016",0.372505308594555
"PHY160005",0.253312426176854
"PHY170024",0.782289528381079
"CHE160057",0.157402845192701
"DMR160076",1.03769398104161
"ASC160036",0.0242564577464503
"CHE180034",0.232974016340449
"MCB160159",0.0114403188859242
"MCB160018",1.45591069059446
"MCB170075",0.0722685409839787
"DMR160139",0
"IBN170003",0.85084380756598
"ECS160008",0
"IBN160013",0.760715458518825
"MCB170116",0.766484683076851
"PHY170034",0
"ASC170074",0.014526256669439
"BIO180025",0.949140775530063
"SES170024",0.882970784604549
"DMR160073",1.90085895359516
"PHY160003",0.499334710650146
"DDM180004",0.773135480214842
"MCB170133",1.04763349937275
"MCB180110",0.873898917948827
"CHE180074",0
"CHE180082",0.0155630148955689
"BCS190002",0
"BCS180027",0.890554495644756
"MSS160023",0
"ENG170027",1.85516430204734
"DMR170070",0.173529326287098
"CHE180035",0.407149758655578
"IBN170005",1
"BIO160053",0.016194711586667
"BIO170058",0
"EAR180022",1.25248856144026
"ASC180051",0.932205496053211
"ASC170008",1.16113922093064
"CTS170033",0.382668406213634
"CTS180062",1.34562619077042
"DMR180035",1.48120320029557
"CCR160001",0.423422370664775
"DMR170060",0.189384422264993
"EAR190007",1.02494845693
"ASC160030",0.0150224166068582
"DPP160001",1.04199124779552
"ATM170017",0
"ATM170018",0.761012068158016
"DMS170020",0.420113174105063
"DMS170025",0.9665934705502
"PHY180007",0.379678337834775
"CTS170053",1.47086668713018
"ASC170047",0.191737408749759
"ASC170063",0.941647433442995
"BIO160024",0.380966406664811
"DEB180010",1.85401052283123
"DMR170056",0.888894346100278
"IBN190010",0.787330778664909
"EAR160032",0.0488178231753409
"OCE150017",0.182335704099387
"CTS180008",0.0193444856100749
"DMR160083",0.277587091643363
"EAR170014",0.91205945291657
"IRI180001",1.02925105770573
"DMS160014",0.285896801040508
"DMR170033",0.0525161664069035
"DMR180016",0.554490435495973
"CIE170056",0.30818559974432
"DMS180011",0.954609985928983
"CTS180038",0.919286101125181
"CHE160055",0.143828589469194
"CTS170011",0.34827220113948
"MSS160032",0.309205509722233
"BCS170005",1.15459699742496
"CIE160045",1.91285777278244
"IRI170005",0.509381819609553
"CHE160029",0.0189202523320848
"DMR160146",1
"AST160068",0.49287299066782
"IBN180017",0.645940468553454
"BIO170022",0
"CDA180003",0.165986550040543
"DMR180087",0.0810886579565704
"PHY160029",1.05816147979349
"ASC160001",0.646423603245057
"CTS160005",0.00207554438310289
"MSS160002",1.79122823989019
"MPS160002",0.963937401771545
"EAR180002",0.297122351685539
"MCB160085",0.820981471426785
"MCB160015",1.19535258971155
"CCR160020",0
"ECS160006",0
"PHY170040",1
"DMR180114",0.714051471091807
"CDA160014",0.82427252617199
"MCB160198",0.775518937641755
"DMR170117",0.847900606971234
"MCB180060",0.0219195637067903
"BIO170024",0.0560546736129856
"DMR160094",0.150788894877769
"BIO170078",1.75254929019138
"MSS170007",0.146326260268688
"ASC170001",1.00438043121625
"CHE170012",0.279245237354189
"CHE170026",0.912605706881732
"ATM180007",1.15785563830286
"MCB160149",0.572085690218955
"MSS180008",0.0222747571334257
"BIO160002",0.0909730888903141
"MCB170056",0.287887670216151
"DEB160010",1.93267054483294
"CTS180046",1.0085973617955
"AST160011",0.262629917822778
"AST160018",0.0413607516288808
"DMS180022",0.373804708011448
"PHY180045",0.0387937379510743
"DMR170019",1.05616713714394
"AST160028",0.708723562886007
"CHE160018",1.00918377055245
"CHE160056",1.04972587283701
"MCB160197",0
"CTS180066",0.62493452061899
"ASC160082",1.05168060692959
"ASC160038",1.12415444711223
"CHE170084",0
"CDA160005",0.176874133921228
"CIE160046",0.0796118783169157
"DMR170052",0.0368260369401121
"CHE170102",1.01415306398796
"EID180001",0.0433661880204454
"MCB190002",0.025309301330708
"ECS170007",2
"BIO170111",0.0269439377296421
"DMR160026",0.0789633604324929
"CIE170061",0
"DMR150124",0.534927190747112
"CTS180002",0.570768386125565
"PHY160057",1.0669541576621
"PHY170003",0.0040840991429511
"BIO170061",0.0203521067542042
"AST180064",0
"DMR160112",0.389527342282236
"CIE160036",1.06194171223324
"DMR160037",1.03851996108547
"BIO160007",0.0719543853541836
"DEB180007",0.65873359721154
"AST180047",0.00849071843549609
"CTS180020",0.7528534415178
"MCB170073",1.09980574108195
"MCB170105",0
"MCB180007",0.994384706288607
"CIE170050",0.0596704529427327
"MCB180071",0
"CHE190009",0.144636551872827
"ATM180019",0.544335849583149
"DMR150121",0.00467930980394627
"ECS170011",0.379261137824506
"ECS180007",0.959085523802787
"AST160046",0
"MSS160008",0.0232166749691242
"CHE160023",0.0454944844557623
"ATM160002",0.463830435182899
"MCB170109",0.706887288484722
"CTS160034",0.986312421146995
"ATM160023",0.338145461864769
"PHY160027",0.056155375173291
"IRI180031",0.582357569015585
"PHY160056",0.000138338655233383
"DEB180009",0.942316473135725
"CHE160066",0.0740375674693712
"CHE170004",0.00235339454375207
"ECS180003",0.902009852509946
"ECS180006",1.38995009893551
"IBN170015",0.418525930144824
"MCB170108",2
"MCB170085",0.01244235644117
"BIO170059",0.703003083425574
"ATM170007",1.02321137998573
"CHE170062",0
"BCS180024",0.143813682347536
"CTS150072",1.11720308056101
"CTS170020",0.477383214700967
"MCB180087",1.6990881706588
"EAR170010",0.0667821331648156
"ATM160019",1.31082106428221
"DMR170096",1.05177391858535
"MCB160178",0.883154640183784
"DMR160043",2
"MCB160048",0.559607868082821
"PHY180022",0.895158189348876
"MCB160119",0.239428809145466
"ECS170004",0.334787964378484
"CIE180007",0.293404181487858
"MCB160009",0.0203762339588992
"DMR170059",1.05618227319792
"OCE170014",0.241297050053254
"CTS190036",0.923652974292306
"BIO170107",0.0411046888679266
"DBS180006",1.06022194937163
"CHE160061",0.0501757892336354
"MSS160009",0.0215815067096991
"DMR170049",1.43384038284421
"CCR180027",0.878876189747825
"MCB180194",0.425534273032099
"MCB160072",0
"MCB160184",0.698283284902573
"DMR180005",0.0101767783257952
"ATM170001",1
"SES170019",0.325500260712579
"SES180008",0.877357404469512
"CHE160021",0.345677280332893
"MCB160170",0.713070250465535
"BIO180001",0.30808016192168
"SES170021",1.94078215165064
"ASC170015",1.65153496945277
"DMR180086",1.0172957404051
"IBN180016",0
"IBN170020",0.0194318499492426
"CIE180005",1.04892887899186
"MCB180121",0.0220956140385856
"MCB180161",0.739601902617142
"CHE170051",0.60491808669176
"CIE160029",0.337840259424411
"DMR180085",0.677586900210008
"ASC160032",0.272023831028491
"AST180015",0.226707014045678
"ASC160043",0.0374380769208074
"CHE160059",0.0877537257917599
"ATM180003",0.686825717403553
"ENG160040",0.65587293356657
"MCB160037",0.489864267874509
"MCB160171",0.638098842464387
"BIO160072",0
"BIO170091",1.04267538549466
"MCB160068",0.278122318908572
"MSS180016",1.01570864274212
"ASC170034",0
"CCR180062",1.03172861902451
"MCB170047",0.656830485910177
"DMR180055",0.874509039800614
"DMR180106",0.331573083484545
"DEB180023",0.0197500405314622
"IBN160001",0.775682765059173
"CTS160049",0.983619893279547
"CTS170003",0.699374941806309
"BIO180037",0.0551302867455673
"CHE180079",0.0530235797865316
"DMS160001",0.0632003476144746
"ECS180002",0
"PHY160043",0.967028540605679
"CHE170094",0.158040227438323
"MCB180059",0.986827964376663
"BIO170035",0
"DPP170004",0.793731630314142
"MCB180127",1.75069285836071
"ENG180005",0.694629767164588
"DEB170008",0.0584933503065258
"MCB170103",1.10108922057471
"BIO160081",0.208574368408881
"SBE160005",0.0107404606868095
"CTS150060",0.306615742831491
"NCR160002",0.00661477632820606
"MCB180069",0.522856464795768
"BIO170029",0.491301961313002
"ATM180015",0.12849801320117
"BIO170049",1.92031942727044
"MCB180050",1.11897385818884
"MCB180024",1.52588656824082
"CCR160022",0.416841672267765
"PHY160042",0.326109875366092
"BIO160012",1.02544629652144
"CTS160006",0.936936101700083
"DMR160045",0.729873366560787
"ENG160012",0.452498925873078
"ENG160025",2
"SES180022",0.0140440744985234
"IBN160015",0.705673922970891
"DBS170009",0.547265752591193
"AST180070",0.000220138117860218
"BIO170086",0
"AST170045",1.22511249268427
"MCB160010",1.274524259381
"IBN170021",0
"BIO160054",0.0439296571811136
"AST180033",1.6006996515207
"CTS190009",1.78992599342018
"CTS180068",1.09624424623325
"MCB160142",1.70781643083319
"MCB160130",0.94725752513721
"MCB170139",0.0627715266378298
"MCB170117",0.0422684038828464
"MCB180017",0.057484468364049
"MCB180175",0.0712138095861745
"CIE160051",0
"CTS180065",0
"BIO160017",0
"MCB180057",1.77847065916285
"DMR160144",2
"DMR170044",1.0083799430107
"BIO160035",0
"AST170040",2
"AST180007",0.176705132704228
"MSS160006",1.09800768506248
"CTS170007",0.604361752653495
"ASC180044",0.668638804345392
"EAR160001",0.585193371912465
"PHY160017",0.0736314471112564
"MCB170157",0.883506965823472
"DMR180031",0.89630724824965
"MCB160146",1
"CHE170067",0.0390657539555735
"DMS160021",1.01179052982479
"DBS160001",1.08946864324148
"ENG170013",0.0376037126407027
"MCB180041",1.31688018376008
"ASC180058",1.10216869181022
"ASC160028",0.402675323188305
"IRI180021",0.0198836196430126
"CHE160048",0.934947388968431
"DMR180042",0.0712495380928337
"MCB180061",0.103725131019019
"BIO180015",0.48797798063606
"OCE160007",0.409120891825296
"MCB170076",0.360038939397782
"DMR170095",0.0191807415569201
"PHY170053",0.953941628535852
"ENG170007",1.76687763584778
"DMS170002",0.643951221602038
"AST180068",0.616951257921755
"CTS160027",0.0231541880594075
"CHE160050",0
"DMR170038",1.01393781236559
"HUM160001",0.384991562925279
"AST170012",0.810148621466942
"BIR170003",0.767933934764005
"BIO170102",0.858222515322268
"ENG160030",0.591817959654145
"ENG170011",0.286157045094296
"CTS170045",0.707469495455734
"MCB170055",0.861465695896186
"MCB160192",2
"CCR160019",0.354039585404098
"CTS160051",1
"ATM170020",0.33078430807218
"DEB160004",0.00812625555535229
"CHE170022",0.999006256624125
"BIO180007",0.307384830783121
"MCB170067",2
"BIO180034",0.885737397358753
"MCB180106",0.0820858126040548
"MCB180177",0.0945593267679214
"BIO170101",2
"ASC160005",0.852769998367876
"PHY160035",0
"PHY160053",0.241484462027438
"MCB160029",0.165038140094839
"DMR160087",0.334155635768548
"DMR180026",0.995182870571228
"DMR180038",2
"CTS160008",1.00433355151976
"DMR160098",0
"BIO170034",0.546804057178088
"DMR160025",0
"DMR160052",0.947106536253763
"BIO160020",0.0426504547009245
"ASC180023",0.148958350066096
"CTS180010",0.083697928278707
"DMR160141",0
"MCB180188",1.01104207292665
"MCB180193",2
"CCR170031",0.968143786185909
"CIE160007",1.08266994839069
"DMR160060",1.15568355564028
"DBS160003",0.854353548493236
"PHY170035",0.0506313135847449
"MCB170059",0.0792724286863183
"HUA160001",0.965647073080378
"MCB170039",0.924349943729743
"DMR160042",0.313704027258791
"DMR160111",0.961767328903079
"DMR160041",0
"MCB160180",1.78528886754066
"ASC160062",1.00945143918826
"CDA160004",0.539060424384661
"DEB170012",0.789818925131112
"SES160013",0.41199324419722
"CCR180020",0.555438133049756
"PHY180029",1.05049496373013
"DMS170011",0.687123599671759
"MCB160154",0.808216160046868
"DMR160108",0.0165241120608963
"PHY170010",1.0489556083957
"CTS180043",0
"DMR180092",1.60582419903949
"DMR180120",0.838223142549396
"BCS170002",0.922591213762473
"MCB160190",1.6307889544405
"DMR160137",0
"DMR180123",2
"MCB180034",0.24987617181614
"MCB180096",0.135897096991539
"CDA180001",0.392386810854077
"EAR180027",0.0570574966502072
"EAR150026",1.58778992434964
"EAR160013",0.867291586473584
"SES170010",0.795941424230114
"EAR160020",0.996049099881202
"DMR180124",0.637372753792442
"BIO170050",0.25605204096064
"MCB160138",0.161354279657826
"DMR160086",0.971979667482966
"EAR160011",1.37972475914285
"EAR170007",2
"CIE160042",2
"EAR170005",0.919090273673646
"CIE170031",0.191678755450994
"IRI180016",1.30072573805228
"DEB160013",0.0488002933561802
"BIO180043",0.212207089853473
"DMR160127",1.01776168635115
"MCB160049",1.50536121474579
"DMS160019",0.00180291471479159
"BIO170093",0
"PHY180038",0.199578860774636
"ATM160017",0.854173744213767
"ASC170033",1.0049917033445
"MCB160156",0.662078117998317
"MCB170154",0.963122461484982
"MSS160033",0.0537191376937554
"DMR170011",0
"DMS170004",0.500787688256241
"BIO170018",0.85993984520901
"MCB180144",0.365960846655071
"AST160038",1.97188922250643
"DMR160093",0.00464703288435574
"ENG170002",1.33524454338476
"CCR160029",0.0162767168521457
"CCR170009",0.284622313664295
"CHE160073",0.981099151074886
"CHE160087",0.107466344211094
"DMR150101",0.824532274156809
"CTS160050",0.551209126901813
"PHY180024",0.0382060781819746
"EAR160038",0
"MCB160044",0.683135796291754
"ASC180007",0.942398650359721
"BIO160016",0.391707188100554
"BIO140007",0.677612860151567
"BIO160088",1.93790861126035
"DMR170123",0.894269851665013
"CTS170006",1.55570645816624
"BIO170062",1.95382260624319
"BCS180013",0.000621109278821362
"ASC160029",0
"MSS160010",0
"MSS170002",0.651411165180616
"DMR180107",0.00554410748450865
"PHY160055",0
"CTS190046",0.230414329376072
"CTS190067",0
"DMR160142",0
"DMR160159",0.0398909324547276
"PHY170057",0.141636637317385
"AST160053",0.00766214030764686
"CTS170025",0.0014316150341224
"CCR160017",0.227786254603416
"MCB170017",0.586503196321428
"AST170016",0.826955468882807
"CHE170096",0.0744459353154525
"ASC160044",0.879309580498375
"AST150062",0.72466643222142
"PHY180039",0.910564024234191
"PHY180053",0.344904681225307
"CDA180009",0.0907713035587221
"PHY150043",0.664351573679596
"PHY160031",0.703326270496473
"ENG180010",0.287598854396492
"ASC180018",0.843555363360792
"MCB180117",0.885680628474802
"ATM190002",0
"DBS180010",1
"DMS160011",0
"ASC160017",0.931542011722922
"ASC180021",0.195755440741777
"DMS150030",1.03963608627019
"MSS180028",0.968490603971945
"MSS160016",0.42272369528655
"CTS180029",0.276524997828528
"SES160004",0.0120168295555484
"ASC170073",0
"EAR150027",1
"DMR150123",0.63993903901428
"DMR160016",0.0168478486593813
"BIO170092",0.33989674160257
"DMS160007",0.445126333273947
"DMS160010",0.0729479482426895
"DMR160135",0.701817634748295
"DMR180117",0.0206241580127125
"EAR180028",0.283088519098237
"ASC160040",1.12950092088431
"DEB170004",0.268913586554118
"SES170016",0.202061747945845
"BIO160052",1.7383207953535
"AST160021",0.664604197978042
"MCB180031",1.61078679095954
"ASC160015",0.20158229675144
"MCB160185",0.09796392172575
"ASC170006",0.811207092553377
"CTS170023",0.0287009728815541
"MCB180205",0.986554655574138
"IRI180011",0.410390936909243
"MCB160059",0
"MSS160031",1.04139769198181
"MSS170003",0.108399562161257
"ASC180009",0.00590315742883831
"ATM170010",0.684879074338824
"MCB160102",0.417659439845011
"MCB170011",0.977270607696846
"EAR170011",0
"DMR180101",0.541461984161288
"SES180016",0.488042369112372
"ECS170005",0.886380428960547
"CHE160045",0.41682454040274
"MCB160158",0.00645723369011629
"CTS190063",0.708757630363107
"CHE170023",1.74296998791397
"MSS180005",0
"AST160010",0
"CTS170024",1.78356099780649
"DEB180024",0.837963557802141
"CHE170050",0.919056235346943
"DEB160017",0
"BCS160003",0.0145609048181222
"CHE170013",0
"DMR160182",0.355500757391565
"DMR170005",1.08254955489811
"AST170027",0.0400972694054634
"CIE170019",0.843875233549625
"PHY180006",1.51304757595062
"CHE160003",1.05243566025583
"CCR150036",0
"BIO150073",0.678409821214154
"PHY190010",0.316346806730144
"MPS180002",0.0573243852306624
"SBE170004",0.537665141746402
"DMR160031",0
"MCB160062",0
"CTS180009",0
"CTS170005",0.960662007365684
"EAR160041",0
"CHE160060",0.517886342667043
"AST170011",0
"ASC160085",0.979150397796184
"SES160005",0.472538274037652
"MCB150130",0.010252713438187
"MCB160058",1.44621461350471
"MCB160027",0.232356888707727
"MCB160114",0
"MCB160101",0.940111595345661
"MCB160124",0.92385907283932
"MCB160079",0.720898250117898
"MSS160003",0
"ENG160033",0.0775493392720819
"ENG160038",0.343985506799072
"IBN160009",1
"MCB160056",0.474911320954561
"MCB160002",0.552660981658846
"BIO160018",0.343412921763957
"BIO160050",0.0144495398078983
"BIO170009",1.24327843403444
"MCB170035",0.552927287225612
"OCE180013",0.466001539956778
"BIO160037",0.442482891958207
"CHE160034",1.87979623815045
"MCB180187",1.00673085889288
"MCB160148",1.01206169412471
"CTS170042",1.69863199349493
"CTS180042",1.85113807627931
"CTS180033",1.49934698920697
"CCR180013",0
"DMR160174",0
"MCB180149",1.02311778431758
"PHY160012",0.706087692640722
"DMR160032",0.961833829036914
"MCB180081",0.609554045228288
"CHE160008",1.61675435304642
"ASC180065",0.936111889779568
"PHY170044",0.402687993412837
"EAR160019",0.0326812838999954
"EAR170001",0.051367532324093
"BIO170064",1.09411608874798
"CHE180100",0.135119861457497
"MSS170026",0.921394933364354
"MSS160013",0.955281525832807
"CTS170028",0
"CIE160005",0
"ASC180031",1.34834919497371
"DEB170017",0.297524781874381
"MCB180098",1.40021605836228
"AST160013",1.99202157603577
"AST160025",0.956577131933254
"DEB160020",1.85420867614448
"CTS170051",0.981431610416621
"CHE160028",0.0858949920395389
"AST180013",0.00136009967914374
"CTS180044",1.02122415459571
"CCR180011",0
"PHY170045",0.944892436574877
"AST170046",1.60146708181128
"AST180026",0.321974601130933
"MCB160166",0
"CHE160103",0.828837842657231
"IRI160003",0.719198059290648
"SES160011",0.480946723837405
"BIO160032",0
"BIO170094",0.0249101755843354
"MCB160187",0.435279961675406
"CCR170005",0.178891870193183
"DBS160004",1.03743491732743
"DMR160152",1.68635088019073
"EAR180019",0.972170699679353
"DMR160104",0.901339579885826
"DMR180098",1.65738732786849
"CTS160011",0.899129346758127
"CTS160019",0.755309547903016
"CHE180048",0
"BIR180004",0.0163994050969687
"MCB180009",0.0145885177335319
"MCB170029",0.823292487766594
"SES160009",1
"SES170012",1.58247177675366
"CHE170019",1.02956084813923
"MCB180183",0.0301362127367895
"AST160072",0.962333551185973
"DMR180049",0.434473229479045
"CTS180061",0.922370346945086
"ATM170005",0
"MCB160115",0
"MCB170089",1.03970837691265
"BCS190015",0.0309560371959876
"MCB160116",0.783188064652495
"SES180014",1
"MCB160069",1.80117019126192
"DMR160125",0.0351026072835428
"DMR160155",0.705391431227326
"AST160056",0.0621973551888367
"AST160063",0.725958037190139
"DMS180018",0
"OCE160019",0.892942974437028
"AST180071",0.00729714353251986
"SES160006",0
"IBN160004",1.04768903507128
"CTS160064",1.05726162965875
"OCE160011",1.68386299861595
"OCE160015",1.32131119724363
"MCB170161",0.0400077156955376
"AST170005",0.965597176412121
"DMR180099",0.0605224621249363
"ASC180002",2
"MCB170081",0.9807627915796
"MCB170095",0.0394251740537584
"ASC180055",0.901325869606808
"MCB180113",1.03792336229235
"DMR160132",0.723150280769914
"PHY160051",0.882148653711192
"BIO170020",0.164900253340602
"DMR170018",0
"ENG170010",0
"ASC150045",0.665530000813305
"CIE170048",1.82405483257025
"MCB160013",0.0345871286200995
"MCB170160",0.972244520531
"MCB190015",0.0130234071915529
"EAR180021",0.589417635602877
"AST150074",0.324668936105445
"CCR180056",0.569889540597797
"DEB180008",0
"DMR190008",0.269765257346444
"MSS180017",0.791105402167886
"CHE150069",2
"DMR170021",0.41225819690153
"CTS160003",1.91401918185875
"CTS160043",0.704118623863906
"DMR160178",0.538610086590052
"MCB180130",0.927994893863797
"MCB180137",1.05464152878004
"OCE160012",0
"AST160003",0
"CTS150062",0.520286758895963
"ENG160021",0.0465540412286499
"MCB160083",1.93786329869181
"PHY160007",0
"AST160006",1
"CCR180041",0.0501489500920239
"ATM160020",0.162213723640889
"ATM180024",0.474237130815163
"DMS160004",0.531437444454059
"DMR180062",0
"ASC170022",0.0626220932556489
"CHE180066",0.0140229198383167
"CHE160100",0.161955222953111
"SES170001",1.55536760855466
"SES170011",1.02273620466888
"ASC180010",0.098313890436947
"CTS150054",1.10822269925848
"CHE160093",0.0579293158467895
"IRI160002",0.65547481100075
"DBS160002",1.45159898791462
"ENG160024",0.253093153657392
"DMS160031",1.84566551353782
"DMR170027",0
"IBN170017",1.01211894744927
"AST170041",1
"CCR160018",1.85658991755918
"SBE160003",0.67179352696985
"ENG170006",0.0059851268403214
"DMR160082",1.43593732686713
"CTS160001",1.04487411169225
"CTS160010",0.611595776793547
"DMR180118",1.03625806327909
"ENG170025",0.0352721161920722
"ENG170029",1.79250444378704
"ATM160029",0.0227310511749258
"PHY170007",0.295282312738709
"MCB160065",1.63475135527551
"ASC170075",1.21710942313075
"OCE170022",0.0662959274498018
"CTS180064",0
"DMR160036",0.813311617821455
"DMR160048",0.713608530536294
"DMS170031",0.0133942720393558
"CHE170018",0.254945030692034
"AST180035",0
"DMR170015",1.67542268382385
"MCB160204",0
"CIE170007",0.923944921046496
"CHE180073",0.33513169689104
"DMR170121",1.72218855191022
"ASC160079",0.884304869640619
"MSS160019",1.07362831621431
"ASC160013",0.310382173047401
"MCB160033",0.0984194212721333
"CHE160083",0.0141980994523206
"BIO170088",0.458447260479443
"MCB180004",1.68640995118767
"BIO170037",1.08583271168172
"MCB180037",0.453622463927604
"PHY180015",1.38273833878338
"BCS170007",0.168063545762561
"BIO170085",0
"BIO160074",0
"BCS170001",0.477622506348416
"ECS160007",0.593983820569702
"MCB180006",0.979045273551861
"ATM160003",1.50597351416945
"OCE170015",0.257773428829387
"MCB160061",1.55823784600943
"MCB180027",0.403893292951398
"CTS170038",0
"CHE180045",0.0155228776857257
"BIO160029",0.215773846395314
"MCB180042",0.112607314484194
"AST160067",0.0556573075644266
"CTS180011",1.10675472673029
"CHE160033",0.394750093575567
"MCB160123",1.27472913591191
"ENG170003",0
"MCB160186",0
"MSS170014",1.5266312523745
"MSS180001",0
"ATM180013",0.221391058992594
"DMR160021",0.425211091525853
"ATM170004",0.98852019360562
"CTS160037",0.995349728715161
"IBN160008",0.00288439355790615
"MCB160054",0.455342921079136
"DMR170037",0.61595276244916
"DMR160047",0.635092950705439
"DMR170039",1.63860789872706
"SES160001",0
"CHE170011",1.0450015711395
"BCS170003",0.251593636837788
"MCB170096",1.0179377614026
"CHE160072",0.00333342174439954
"BIO160022",0.00491397688749829
"CIE160050",1.00711894481108
"MSS170020",0
"CIE170004",0.0227568477766893
"MSS180019",1.89203238068148
"MCB160191",0.667331977747381
"SES160014",1.64749814802781
"EAR160014",0.740447724540718
"CCR160023",1.04359964677133
"BCS170010",0.929273568878737
"ATM160016",0.275324456114322
"ASC160069",0.874015748058446
"ENG170017",0.0498934510163963
"ASC160023",1.64357943134382
"MCB170050",0.995145400202484
"DMR160084",0.617504502134398
"CIE160016",0.891342356218957
"SBE170001",0.909484896040522
"CTS180056",0
"IRI180003",0.0190388297196478
"BIO170110",1.56707351282239
"MCB160147",1.77909620292485
"CDA180008",0.0770442501128247
"CTS170054",0.0714180835260054
"PHY170013",1.35224719299003
"CTS160030",0.487795104738325
"CIE170028",0.579105716664344
"HUA160003",0.671768523589708
"BIO160009",0.947945352116579
"BIO160065",0.850397889269516
"PHY180008",0.0608726699492205
"PHY160010",1.65994375152513
"DMR160039",1.74258281802759
"SES180019",0.228281138068996
"ATM190011",0.0159764987503612
"ENG160006",0.0448980016916627
"EAR160006",1.57770578935742
"ENG160019",0.0347386264009401
"ATM170006",0
"AST160050",0.929220016819449
"ENG160018",0.547568325838074
"OCE160002",0.284451908431947
"ENG180003",1.00021513472346
"CHE170035",0.0494108497393308
"CIE170013",0.0443868369789822
"DMR170127",0.691867402824573
"DMR180009",0.995082193030976
"DMR170031",0.410514118638821
"CTS160031",0.553097166586667
"ENG170001",1.01229358329833
"BIO160080",1.05347776988056
"BIO160019",0.516384458076209
"BIO160042",0.706803034828045
"CHE170073",0.744949430576526
"DDM160001",0.0558718719077638
"DDM160004",0.182436555158347
"DMR170098",0.307512081228197
"DMR180105",0.800207700114697
"CHE180041",0
"CTS180028",0.0795407805584009
"CHE180036",1.52141994936392
"CTS160058",0.164308527484536
"CTS180018",0.00659723579883575
"MSS170006",1.75701327621937
"MCB170068",0.853598614758812
"PHY180019",1.81754738418385
"SES170009",0.905363382592796
"IRI170007",1
"MSS170019",1.03507060492411
"DMR160019",1.39325050031766
"PHY160049",0.07387943531692
"ENG170033",0.731809678021818
"PHY160020",0.904219863470644
"MCB160047",0.102418701653369
"AST160012",0.996604028623551
"AST160026",0.894816192658618
"ENG150034",0.0429083194583654
"CHE160069",1.86109157837927
"CHE180029",0
"MCB180138",0.32314124063123
"MCB160133",1.02223382354616
"MCB170140",0.24969696730841
"CHE160097",0.0741751350229606
"OCE180015",0
"MCB170001",0.140452468302101
"BIO170056",0.254445873200893
"DEB160014",0.743052206002176
"MCB180002",0.676162478979677
"MCB180046",0.181001327955164
"DMR160035",1.60153903672472
"DMR160162",0.982679806315514
"MCB160151",0.972647878545666
"CHE180012",0.0285638697430774
"EAR170013",0
"EAR180001",0.0649335435874749
"IBN170022",0.0530487163110371
"EAR160002",0.154891995782964
"DEB160018",0.01091596200854
"DMR160179",0.720484769972973
"DMR180119",0.173964731884189
"AST180006",0.977006898936816
"ATM170013",1.01315826033242
"DMR180063",1.49207671685144
"DMR180076",0.269944968493655
"DMR180015",0.933961889651433
"ASC180033",0.0305575691556768
"AST160051",0.0733138904807642
"AST160064",0.527752590808086
"ECS150009",1.00260434421124
"CCR160026",0.0505785385731535
"IBN170001",0.939762353437282
"DMS170008",0.255013238638639
"BIO180027",0
"MCB180107",0.0707944901660085
"DMR180029",1.84181134914979
"OCE170002",0
"CIE170037",0.827084704115987
"DMR170067",0.396021613292396
"DMR180003",1
"DMR170036",0.701146451639943
"CTS160014",0.069567173241569
"CHE160042",0
"DBS180001",0
"MSS170011",0.949703088961542
"CHE160092",0.470189909567125
"CHE170058",0.414276689477265
"ASC190026",1.04763738976096
"OCE150019",0
"ASC160056",0.982267389917245
"DMS180040",0.985530469682999
"BIO170053",0
"PHY150040",0.011507088517743
"ENG170015",0.683180228946731
"ENG160005",0.96555545728188
"CHE170080",0.591123779071495
"IBN170014",0.0165763664990664
"DMR180060",1.0867059417069
"IBN170004",0.184937149472535
"ASC180062",1.97986810095608
"BCS180001",0.630694713443518
"MCB180011",0.871124613961068
"MCB170129",0.433591072447598
"MCB180049",0.00179117706138641
"CDA160002",0.00570534234002879
"ATM180018",0.106575472466648
"MCB170030",1.85230368375778
"BIO170097",0.238408863963559
"EAR180004",0.395684762857854
"BIO170006",0.375875364546664
"EAR160023",1
"EAR170019",0
"CIE160031",1.30850211204961
"BIO170089",0.509440163080581
"CIE160041",0.321584749012254
"ASC160077",0.4373913500458
"MCB180151",1.05605545472354
"AST170022",0
"MCB160100",0.858143947203644
"MCB180039",2
"MCB170164",0.0923758503049612
"MCB180020",0.0573973646387458
"MCB160111",1.08838997688144
"MCB160008",0.685161386034451
"SBE160007",0.713453119969927
"MCB180093",0.95494725976605
"MCB180145",0.688941380544566
"MCB170036",0.590197120490484
"DEB180020",1.00256928927265
"AST170008",0.184520043968223
"MSS160030",0.0838265324298707
"DMR170066",1.15821504034102
"DMR170109",1.03632266428487
"ATM160022",0.88501652230043
"DMR170053",1
"BIO160025",0.233183745807037
"BCS160004",0.06652587139979
"CDA170004",0.88546868506819
"PHY160061",0.232831738260575
"NCR160005",0.0515321186744715
"SES170004",0.140927354618907
"ASC160073",0.529100836883299
"DBS180002",0
"ENG160034",0.122177215973022
"DMR160003",0.0542022928634104
"DMR160057",1.06252277355282
"CHE170025",0.0652317109284923
"CTS150063",1.4722341070883
"CHE160017",2
"CDA160009",0.629853864666075
"CDA170003",1.03334916506428
"DMR160140",0.10363236637786
"DMR160138",0
"DMS160005",0.0390015117824078
"CHE160080",0.674164772965014
"CHE170031",0.139243967831135
"MCB160132",0
"PHY180056",0.11154625175309
"AST180045",0
"CHE170092",0.0591302951946376
"CHE180003",1.02262942019488
"MCB180089",0
"MCB160042",1.66158488485962
"BIO170039",1.64245057525113
"ENG160017",0.0210923940433899
"OCE170008",1.14451607037336
"ASC180001",0.0242892947793694
"MCB160112",1.01214451971667
"CIE170020",0.0413898061960936
"MCB180095",0.040064344063698
"CHE190033",1.54952889634296
"CHE180080",0.83980514574796
"CTS180025",0
"CTS180037",0.00222265105694532
"MCB180062",0
"DMR160121",0.686282649030909
"DMR160022",0
"DMR160173",1.75751702766865
"DMR170010",0.604853739403188
"CCR160006",0.820508452714421
"ASC180036",0.379476057947613
"IRI170006",0.0037261531472027
"CCR180057",0
"DPP170002",0.243224878120236
"MCB180128",0.199270014278591
"DMR160080",0.0372998334789759
"ASC170028",0.440462829079479
"DMR180047",0.815412959549576
"DMR180071",0.0327153024962172
"AST170025",0.259557790122926
"ASC160025",0.0264178887686745
"MSS180026",1.13012014310935
"DMR170054",0.120729341963306
"CCR180004",2
"BIO170014",1.46009540744126
"ASC160016",0.877235266147182
"CCR160016",0.276003526989371
"CCR160033",0.917842667244814
"MCB180079",0.615056734066457
"CCR160014",0.0221123094670475
"CCR150033",0.794618420768529
"DBS170003",0
"BIO170103",0.719065564218909
"DMR170084",0
"EAR160024",0.438394142617472
"EAR160027",0.265053035691381
"ASC170023",0.00279732607243988
"DMR160099",0.992847990528469
"DMR160156",1.57386098569259
"DMR180088",0.0265060937963426
"ATM180014",0.926973724737763
"BIO160021",0.38445807271637
"BIO160015",0.98890376061954
"BIO170027",0.915479065780528
"CHE180097",1.07377415657975
"DMR160018",0.42320912911091
"DMR160151",1.40343473758548
"CTS150061",1.80244204495102
"PHY180059",0
"CIE170005",0
"DPP170001",0
"CCR180066",1.27857319964096
"BIO170051",1.03291585091092
"BIO170043",1
"BIO180010",1.00418531009927
"AST180016",0.00744365231742635
"DMR180067",0.0433902557367242
"DDM160005",0.977684617719402
"CTS160052",0.0331789576569133
"CTS170008",0.0386065763755595
"CTS170043",1.00990491948272
"ENG170031",0.977378782812643
"EAR180007",0.275232983753085
"CHE160019",0.818551193596795
"MCB160092",0
"OCE150016",0.0521478122157244
"ENG180011",0.728240247769281
"OCE180003",0.301967210136354
"OCE190001",0
"DMR170099",0.143791413865983
"CHE170054",0.98260851809755
"CHE160014",0.289398461161181
"PHY160016",0.245728535111994
"ASC170004",0.811978304293007
"MCB170037",1
"OCE170016",0.313608532445505
"DMR160192",0.665907218120992
"CTS170012",1.00981702599674
"DPP180001",0
"MCB170027",0.297722204122692
"DMR160092",0
"PHY180047",0.922900614584796
"MCB160162",1.09100559305481
"DMR170108",0.619062358513474
"MCB170057",0.0537161314543126
"IBN170013",0.396213340270333
"ASC180024",0.577694999985397
"CIE170051",1.28894340805709
"DDM160002",1.8888471648097
"PHY180025",0.026831014914947
"DBS170002",0.949938432161662
"ASC160083",0.708999541285448
"EAR150025",1.53332739137113
"OCE170013",1.82244363520294
"ASC180029",0.804938788688742
"CHE160065",1.08867904955987
"CHE180092",0.930498636765916
"MCB160176",0.177621296746656
"MCB160098",1.48830792028457
"MCB170009",1.02546822652221
"CCR170012",0.0482938743348246
"IRI180026",0.812305264640599
"CIE170053",1.47874315315858
"DMR170080",0.241424754238687
"BIO160058",0.301993363443762
"CHE160081",0.00744135945569724
"MCB160103",1
"BIO180019",0.589045250369236
"CTS150058",0.0383655558924512
"EAR170021",0.992742001114503
"BIO170041",1.11291584745049
"MSS170008",1.6338674351573
"DBS170013",0.763237336953171
"DMR170045",1.890276982449
"IRI180012",0.99394046748057
"MCB160067",0.265870710089803
"BCS180010",0.448737736791372
"CTS180050",0
"MCB180030",0.328602223377675
"BCS170009",1.00794156236194
"MCB160023",0
"CCR180015",0.0212266088510716
"MCB180083",0.0161100232391495
"PHY160024",0.00310455744481841
"EAR170020",0.072415977384351
"EAR180025",0.728238758980297
"MCB160104",1.05340840682517
"MCB170143",0.440620727580972
"MSS160029",0
"DMR160131",0.377395235234872
"PHY170036",0.929111920762807
"PHY170043",0.876183322886936
"ECS180010",0.10597910580691
"BIO170081",0.86906371191144
"DMR160006",1.41747790714726
"DMS160015",1.05235163406469
"MCB180001",0.0570298202269656
"MCB180043",0.46359429648146
"BIO170019",0.728470686846413
"CHE170079",0.0270714359357953
"BIO170026",0.0565535031337953
"DMR160062",1.23416485963389
"CHE170010",1.25276804249734
"CTS180013",0
"BIO160064",0.0324528393450866
"BIO180009",1.73197650443763
"PHY160041",0
"OCE160006",0.140225696540438
"OCE160013",0.00363973474155424
"MCB180036",1.32193426182494
"DMR150100",0.771663112216629
"ENG180012",0.0644420399666218
"MCB170034",0.576010221545585
"ATM160026",0.951445619650146
"MCB170122",0.0462760217235535
"OCE160020",0.457608176139183
"PHY160039",0.0363200486404821
"DMR180058",0.215177067392506
"CHE160015",0.261907631065696
"AST160069",0
"ATM170026",0.0123508318130565
"DEB180017",0
"CCR180010",0.333516263775528
"ASC170018",0.362605239264667
"OCE160023",0
"DBS170006",1.97026395518333
"BIO180031",1.11060022236779
"MCB180191",0.737358159385622
"ASC160012",0.0367768442640715
"ENG180001",1.09554413370809
"CHE170041",0.325349763175473
"CHE170033",0.989480764050745
"ATM160025",0
"CHE170064",1.00249532577451
"EAR160029",0.550002162880264
"AST160054",0.0228882820112631
"MCB180105",0.433203980140388
"MCB180157",1.08842382251751
"MCB190009",0
"CTS190023",0.470534634310752
"MCB180058",0.374100247095339
"DMR170061",0.50973776106257
"CTS160004",0
"DMR160030",0.659085712069646
"PHY170042",0.436379874381237
"DMR180037",2
"PHY170021",0.72521710395813
"MCB180204",0.0295342390262644
"AST150059",1.04221214367451
"ENG170022",0
"BIO170066",1.27252585766837
"BIO160041",0.0437666171928868
"MCB180126",0
"ASC160037",0.647407028148882
"DMS160025",0.233949998323806
"DBS170004",0.192633901420049
"CHE180004",0.67310570506379
"CTS170041",0.573840147303417
"CHE170069",1.60009864298627
"DMR160051",0.0194568107983979
"MCB170049",0.833872863487341
"MCB160011",0.0657041672151536
"MCB160045",1.05595213358756
"MCB160127",0.748953460040502
"DMR150112",1
"ASC160063",0.0928879412822425
"ASC170021",0.355741900485009
"DMR180048",0.356778764165938
"MCB160030",1.02921809775445
"AST160042",1.06071775301825
"DMR160040",0.755968909827061
"EAR180017",1.08836566330865
"CTS170046",0.00939474735917775
"CTS170018",1.06154680743348
"MCB180155",1.11287709087822
"OCE160009",0.947298677118136
"MCB180129",0.0555055581420322
"PHY160015",0.965068765814594
"DMR160118",0.188261698000133
"MCB160051",1.01127247428861
"PHY190003",0
"PHY180026",1.07309767345432
"ATM160021",1.36737507907674
"BCS170008",0.412544454680756
"CHE170017",1.9891820717603
"CTS160054",1.16775895282626
"CCR170011",1.06867932819851
"ENG160022",1.88311119517311
"OCE180012",2
"SES180013",2
"AST160036",0.112239940371364
"DMR180108",1.01672524285944
"CHE160036",0
"BCS160002",0.976035834941458
"BIO170025",0.0080874174330105
"MCB170045",0.025315980007872
"DMR150125",1.66340247262269
"DMR160044",1.02912525925785
"DMR190079",0
"DMR190106",0.0142362340690177
"MCB170152",2
"MCB180172",1.44289398472756
"CHE170077",0.99225178824272
"PHY180057",0.645331450272352
"PHY180005",1.94081492861733
"OCE160001",1.87293336074799
"ASC170049",0.958403551136144
"MSS170005",1.01216697453056
"ATM160008",0.958192018116824
"CHE190015",0.782102189492434
"DMR180122",0.823302596155554
"BIO170075",0.330447160173208
"MCB170114",0.00407373589077119
"MCB180013",1.02708394997111
"MCB160016",0.505949752754532
"BIO170036",0.975470491754822
"CIE170049",0.363332130131312
"DMR180052",0.177125171292573
"PHY170018",0
"CHE170099",0.0341779295574832
"CHE180024",1.08784104837105
"CHE180008",0.491359157953411
"DMR180111",0
"DMR180043",0.946552724740468
"PHY180027",1.9759774855338
"CCR160010",0.116568742319942
"ASC170036",0
"BIO150063",0.121678949100897
"CTS180035",0.969131473451853
"ATM160014",0.066950495019573
"MCB160094",0.255916735576466
"ASC160080",0.0521496683333094
"PHY180033",2
"PHY180016",1.35887096310034
"IBN170016",0.182911869138479
"BIO170098",0.992731893446098
"BIO160048",0.0342651241458952
"OTH150007",0.433543315948918
"AST170036",1.50163333117962
"CHE180010",0.0993079581297934
"DMR160191",0.101045075288374
"ATM160004",1.0338337228944
"DMR170085",0.259147661481984
"ENG160028",0
"CHE170074",0
"MCB160108",1.86304447893053
"MCB160121",2
"CCR180006",0.0411476676181424
"CHE180018",1.57266816450283
"DMS170013",1.45204544998705
"DBS160006",0.808132140920498
"ASC180025",0.034358803733423
"AST170017",1.00840450710772
"CTS160047",0.0564321041572839
"CTS170009",1
"CCR170001",1.20273152086884
"DMR180020",0.380334244272672
"DMR160012",0.147274691332132
"MCB160088",0.16107285907492
"CHE170097",0.280423688748851
"MCB170100",0.0319261403521523
"ECS160003",1
"ASC160068",0.990741563029587
"DMR180004",0.0145265988431424
"BIO180011",0
"BIO160026",1.76966869039461
"CHE170082",1.66584825562313
"MCB180055",0.0466287032653922
"MCB170040",0.0284728347576908
"CHE180075",0.00744224200025201
"ASC160041",1.00929862905759
"PHY170016",0
"MCB170110",0.0737122022546828
"ATM170011",0.648933654860593
"BIO180041",0.77266229968518
"DEB170006",0.0580015251645818
"CHE160062",0.902181686880067
"IRI180023",0.876209715381265
"CIE180020",0.247309993952513
"PHY160040",0.300988418981433
"CDA160006",1.07096157579053
"DBS170010",1.54110150923952
"OCE180005",0.0206237794132903
"OCE180010",0.799286216753535
"DMR170034",0.103691160520739
"CHE160096",0.0103591747814145
"MCB180028",0.826567591843195
"SES150021",1.00612960044921
"PHY170051",1.34230400435627
"BIO170071",0.954406392895043
"CHE170048",0
"CHE180007",0
"MCB170148",0.376311253174208
"CHE170047",1.47311440203339
"CHE180057",0.475808761571534
"DEB160005",0.60586599605158
"AST180041",0.987307189048197
"DEB170018",1.06692788011211
"DEB180005",1.9939875556156
"IRI180013",0.42118513956666
"MCB160019",1.9854342690669
"ASC160074",0
"CCR170013",0
"CCR170029",0.00233284758577175
"ASC160033",1.42240655887872
"ASC160067",0.0864586952558408
"MCB160087",0.336215837392956
"PHY180063",0.664590834174305
"EAR160010",0.171992502664216
"EAR180008",0.362246460537426
"EAR180026",0.581220871303231
"MCB160024",1.67021093098447
"PHY160025",0.613092768937349
"CHE160010",0.0314093186123212
"ENG160003",0.72168776858598
"CHE170014",0.0321846843613185
"AST170002",0.462529898411594
"ENG160026",0.0517016070220642
"CHE160001",0.815414838446304
"CHE180030",0.100917910964492
"CHE160051",1.4563172487542
"DMS180028",0
"CIE160038",1.4473925428465
"CHE160043",0.0834836001447878
"MCB160109",0
"ENG160042",0.849094822932966
"MCB170124",0
"ASC180061",1.15732899401337
"CHE180077",0.31964481419418
"CIE160023",0.738333241315559
"DMR170086",0.569805182982236
"CHE180017",0.988857294632535
"MCB180123",0
"ENG160020",1.93145671021193
"ASC160024",1.79732896061614
"ASC170040",0.815939644630998
"DMS180012",0.920168235013262
"CCR170018",1.03099566832199
"PHY170032",0.743256591958925
"PHY180014",1.53488907963037
"DMR160124",0.133085261727683
"MCB180164",0.500848812866025
"DMR160100",0.188538637082092
"DDM170001",0.291940794885159
"BIO160051",0.256228369660676
"BIO180012",0.0393977112369612
"BCS180014",0.0239106359425932
"ECS180012",0
"AST170044",0.768499049823731
"DMR170035",0.412659038929269
"AST160016",1.01447678786983
"MCB180198",1.03705875236638
"ASC170045",0.521650578756817
"MCB180135",0.823639790597372
"MCB170113",2
"MCB180010",1
"CHE170027",1.03378212524943
"CHE170086",0.25009785364382
"AST170035",0.418037271592766
"AST180039",1.00131871921507
"ENG170026",1.31151173869148
"AST180048",0.651422604755499
"AST180059",0.0387583814502317
"CHE160047",0
"IBN180012",1.01595646189526
"AST160058",0
"AST160062",0.00731954074641378
"ASC160052",0.511190387886018
"BIO170003",0.0414932627937074
"MCB170130",0.639863453456201
"AST160043",1.38317557191476
"MSS170010",1.08635899138184
"ASC170032",1.0064705866389
"IRI160004",0.0231249578173695
"MCB160172",1.02059911104821
"DMR160133",0.426588009111583
"ECS160004",0.0544811106054112
"ASC180056",0.95073565421626
"CHE180052",0.669439281336963
"AST160048",0.759105880674906
"CIE160004",1.03615244291723
"AST170034",0.864592191437259
"DMS180041",0.75615470437333
"DMS190003",1.77603970142081
"DMS190018",0.0645006492888119
"DMR180057",0.77771148039028
"DMR170087",1.84854734037071
"CHE180011",0
"CHE180053",1.43588116765022
"DMR180093",0.0769904873889831
"DMR180125",0.67151250410825
"BIO170073",0.0603654598817229
"CHE160070",0.438334389752708
"CHE170089",0.435110769746825
"BCS180011",1
"ASC150046",0.779837661189959
"ASC170020",0.033645599684678
"CHE160064",0.0306297842755539
"PHY170027",0.4130352092674
"PHY170049",0.419832010683604
"MCB180148",0.00508953321977787
"IBN180007",2
"AST180029",0.0430095941438698
"AST180057",0.251620038063265
"CIE170033",1.51153772836551
"CHE160076",0
"CHE170032",0.226888883975334
"CDA160015",0.819431780395098
"BIO170090",1.53029520018026
"EAR160018",0.395546162524261
"CTS160016",1.09308975583408
"ENG160001",0.0157184429239489
"ENG160011",1.90690959943458
"ENG160014",0.694294388825074
"MCB160117",1.95957241440192
"ECS180004",1
"SBE180006",0.211159707722254
"MCB180112",0.906365236733109
"MCB170079",1.0648898976893
"DMR160177",1.41289070807397
"DMR160175",1.66204289533198
"OCE180018",1.19514254759997
"CCR160002",0.946557655891475
"CTS190044",0.234176633413881
"MSS160018",1.96216024691239
"DMR170014",0.155312147503719
"MSS170018",1.0358021377113
"AST160061",1
"CIE160048",0.0301899866060556
"DMR170024",1.11290578279042
"PHY160045",0.00928314537095482
"MCB160157",0.237776405643672
"CTS160066",0.219446172751486
"DMR170013",0
"DMR180082",0.919172325590625
"MCB170158",0.0446155534591526
"ECS160001",1.00253679208713
"MCB190104",0.217238346324302
"MCB160208",0.017321737902239
"ATM180016",1.11223220266402
"MCB160084",0
"CHE180055",1.03996609504137
"MCB180186",0.0342746303806936
"DMS170018",0
"SES180002",0.13121879005339
"CTS160012",0.053425681292005
"EAR160028",0.0153666283469647
"CHE170045",0.06095499961293
"ASC170055",0.0458578102763042
"ASC180013",0.662043935013935
"AST180020",0
"SES180005",1.01665972556486
"BIO170067",1.0864505053265
"MSS170034",1.05097857585122
"DMR170065",0.356707945768721
"DMR180013",0.145653426507488
"CTS170001",0.00754996711772215
"CTS170035",0.020722599234432
"CHE160031",0
"ASC170048",0.132789290836081
"MSS180018",0.325134285748936
"CHE180042",0.314847491215914
"AST160019",1.02225414610002
"DMS170012",1.9048571032472
"DMR150128",0.0689454059075669
"CHE180040",0.379898219648749
"EAR170016",0.0450993123891673
"PHY180013",0.0335798837431074
"MCB170115",0.632897646701895
"MSS170031",1.04551312658004
"AST160041",1.45835824217647
"CTS180027",2
"CCR160004",0.543607087852433
"ENG170032",0.0935468412569067
"CIE170058",0.448551678867079
"MIP180002",0.868104942049831
"DMS180003",1.5864944322966
"DMS160018",0.835745440656319
"CTS160069",0.0472301327623427
"BIO180026",0.0156401658530042
"SES170025",0.428821595432237
"MCB160165",0.0245972783891171
"CHE170005",0.993537518242374
"IBN180011",0.593951982306317
"OCE170006",0.037251964798625
"CHE170008",1.04367540392559
"MCB170137",0
"MCB170118",0.423344011395238
"MCB180016",1.00222950428059
"CIE160011",0
"CHE180098",1.9133920846507
"MSS180013",0.385459669912234
"PHY160037",1
"MSS170022",0.421841744938865
"MCB160003",0.0723053524270654
"MCB180025",0.850637989211828
"PHY160022",0
"DMS180042",1.80144718987867
"CHE160025",1.90615400345996
"DEB180004",0.0356646055037874
"DBS170012",0.122176767792553
"MCB180033",0
"CDA170010",1.33393113175407
"EAR180018",0.609142637485638
"EAR160007",0
"IRI190008",1.99087075609714
"PHY160046",0.885583654348739
"MCB180029",0
"MCB180045",1.48395004263148
"BCS160005",0.686847497825511
"ATM170032",0
"DMR150098",0.132325812570046
"MCB180122",0
"DMR160193",0.913209518621129
"MCB160093",0.670059793884866
"PHY170028",0.126474458025768
"SES180001",0.0310482909119588
"MSS170029",0.0480183833278716
"DMR170082",0.0580742927011216
"MSS170012",1.03551162203937
"CIE160013",0
"MCB170142",2
"CHE160091",1.73052378511056
"CTS160073",0.0364169753776071
"MCB170097",2
"CIE170015",0.0604663650175904
"BIO170023",0.0769666392294016
"DMR160085",0.0356439396252944
"MCB180040",0.757289386261255
"BIO160062",2
"CIE170009",0.183183482848108
"CIE170024",1.5302823302336
"BIO170065",0
"CHE160052",1.08192254891619
"PHY180037",0.198057120200247
"ATM160018",0.0599270536217226
"DMR160102",1.06147645502787
"BIO170074",1.20435569575056
"PHY160052",0.891570328460692
"DMR150103",0.173552033072338
"AST180008",0
"CCR180025",0.778163942997344
"PHY170012",0
"PHY170037",0.0323775889119133
"ASC180034",0.0053157329790599
"ENG170005",0.979547353313595
"MCB150137",0
"DMR180089",2
"DMS160016",0.975862698840553
"CCR180023",0
"CIE160039",1.85206851456314
"PHY160044",0.0684465392839813
"DDM180003",0.0812021191231906
"IRI180008",0.746759083680809
"CIE170055",0.88020953303203
"IBN160012",1.01868468523026
"SBE170005",0.0245996341600031
"CHE190014",0.0546554878051726
"CHE180064",0.190984919969924
"DMR180090",0.924537727609277
"BIO160077",1
"AST170043",0.152032343833707
"AST180025",0.661817779298872
"PHY160038",0.942313756826549
"ATM180004",0.563767317077145
"CTS180021",0.955623525775044
"MCB180197",0.30000919830054
"MCB180068",0.961263027903624
"DMR150102",0.566299126576632
"BIO160086",0.240896024391986
"DMR170029",1.82816558331251
"ATM180020",0.0439911812140941
"CHE160009",0.00181365900930331
"CHE170001",2
"CHE170049",0
"SES160008",0.971970822161644
"MCB160034",1.0079387039525
"BIO170045",0.0871720439754426
"AST170028",0
"ASC160047",0.121498240157962
"ASC170044",0.649014318361878
"MCB190006",0.362601873115636
"MCB190044",1.64303698763251
"MCB180199",0.996221046813266
"CHE160002",0.885243579139933
"DMS160024",1.10919949614473
"AST180053",0.0797604376683012
"CHE160007",0.4107549298089
"ASC160064",0.940143528718055
"DMS180023",0.513488322473131
"DMR160007",0.971764744627625
"DMR170118",0.907263388843395
"MCB160196",0.223683323827572
"ATM170027",1.04465334850829
"DEB160006",0.226085460744798
"CHE170087",1
"CTS160046",1.07985795408022
"CHE170101",0.716114602657035
"DMR180096",0.477505392464809
"DMR180109",0.470769160892814
"AST170026",0.814202752150595
"MCB160161",1.02786478753595
"AST180022",0.9092653892003
"AST180027",0
"DEB180002",0.621892445255071
"DMR180023",0.44835738230031
"CTS180023",0.0335206522412941
"BIO160083",0.0229687682804345
"CTS160036",1.27535529714078
"CTS160044",0.237681068456732
"CHE160084",1.68643820937723
"DMS170005",0
"PHY170001",0.703232281119563
"ATM170024",1.57690273411572
"MCB170002",0.846965195704252
"PHY180020",1.44017977686599
"CHE180046",0.318060550116934
"AST170007",0.763751757727005
"EAR160012",0.896247450052761
"DBS180003",0.928256842726842
"EAR180016",1.55294721852988
"ATM180002",0.175727534620091
"DMR180036",0.0195127478800714
"MCB170123",0.749007815821096
"BIO170031",0.0366958937641443
"CHE170075",0.361646853014827
"IBN180014",1.92278104508296
"BIO160033",1.62952206563205
"MSS180021",1.03159969507931
"ECS170006",0.0077579491685183
"BCS180005",0.548658550926484
"MCB170094",1.63718469021842
"MCB160090",1.12205852847546
"BIO150074",0.0859206955414729
"ENG170009",0.0404670297633857
"SES170023",1.00512830255607
"CCR180014",0.479790124972351
"MCB160175",0.0522785230433138
"IBN160005",0.044593164452773
"AST180005",0.941455774050855
"MCB160137",0.714991227490828
"MCB170090",1.04698373640267
"MSS170033",0.95982717973126
"MCB160144",0
"MCB180021",0.881850095046684
"EAR170003",0.213900116272271
"DMR160095",0.969897108129226
"DMR180018",0.793644996290095
"CHE180006",0.274490156490356
"MCB170102",0
"DEB180001",0.140078934320952
"PHY180043",1.32960515748709
"DEB170003",0.721322680357844
"IBN180010",0.982541517238317
"ASC160075",0.969445121548957
"BIO150075",0
"AST160039",1
"CTS180055",0.718662276398391
"IBN160002",0.886094829905778
"DMR160153",0.726821367070079
"MCB160032",0.268591486848891
"BIO170104",0.933562732944623
"MCB180023",0
"CHE170055",0
"DEB160011",0
"OCE180001",0.996585164568387
"AST160007",0
"AST160015",0.518005379196256
"AST160020",1.02349373009565
"DMR160134",0.0128219135097511
"PHY180046",0
"ENG160023",1.3942585485056
"CHE160068",1.08508182496298
"MSS170023",0
"BIO160011",0.997323400055538
"BIO160047",0.324257773463614
"AST160022",0
"AST160017",0.406305888667703
"AST160060",0.0368112191883118
"MCB160199",0
"ASC160065",1.84045464824885
"ASC170041",0.883301834366284
"PHY170023",0.154164069402032
"BIO160027",0.00184413864466101
"CHE180043",0.0174695598475908
"MCB160021",0.00322149263471131
"DMR160109",0.490647540078498
"DPP160002",1.0167946562798
"ATM160007",1.49209845811129
"MCB160096",0.988263128162362
"MCB180158",0.39334195991978
"MSS180009",0.25966679956764
"DMR170119",0.503583095106296
"PHY180036",1.08643066266086
"PHY180044",1.37767178798094
"AST180049",1.01993636344414
"SEE180003",0.758485276950523
"CHE170015",0.253052134532481
"MCB180156",1.64618649473414
"MCB180085",1.51399955805391
"CTS160071",0.984919847511611
"CTS170004",0.85513219111599
"CIE160018",0.258193126204424
"CTS170017",0.823907957412302
"CHE170046",0.0412807191489264
"MCB170051",0
"MCB160182",0.0268123155183607
"CHE180049",0.173696060408838
"CHE160063",0.809457367286086
"AST160073",1.07025197662879
"ASC170069",0.446744293905795
"MCB160080",1
"AST170030",0.0235995960887522
"AST170037",0.00838851602506575
"CTS170013",0.995833932099067
"CTS170047",0.533702952321619
"DMR180044",1
"ASC170062",2
"ASC160007",0
"DMS160003",0.338821200281382
"AST190018",0
"PHY180041",0.830229699006304
"BIO160001",0.0733096668255083
"IBN170002",0.947341608462212
"IBN180002",1.05870777878445
"DMR180066",1.94914634991437
"DEB180011",0.0508625097572803
"CCR170030",0
"CTS180067",1.05254521220922
"MCB160174",0.501412042509764
"DMR160091",0.879445464815944
"DEB160003",0
"BIO170016",1.44203139329329
"MCB150129",0
"DMR180025",1.08767721136101
"ATM170028",0.387391288205981
"IRI170003",0.313612192310393
"HUM150003",1.01856601943157
"MCB170010",1.06629334979673
"IRI180014",0.93685805099085
"AST180065",1.63584894267842
"DMR160067",1.04694845319345
"DMR160122",0.045060284412466
"DMR160163",1.04822153201301
"CHE170098",1.35193919157609
"OCE160016",1.02414256853893
"OCE170012",1.00088150938973
"MCB180180",0.852043658494949
"AST170039",0.0399240508254148
"OCE170018",1.7721657496877
"BCS180006",1.033627587071
"CHE170100",0.775730747007765
"BCS160001",1.30039738351479
"BCS180003",0.756070364150219
"AST150063",0.570401757513173
"ATM170022",0
"ATM180001",0.974089583086595
"CIE160052",0.73949025881011
"MCB170082",0.874189993226901
"BIO150077",0
"BIO160005",0.410582593455911
"AST170006",0.336344549478963
"CHE180016",1.34052008762956
"CHE180059",1.05634646546096
"MCB170135",0.0908349817618728
"MCB180141",0
"CIE160037",0.980283089610748
"BCS170006",0.447724052704871
"BCS170015",0.900853973184712
"CTS170021",0.283983083302155
"MCB180207",0
"PHY160058",0.261848372337408
"PHY170017",1.01228291362058
"CCR180048",0.0295008354471169
"CDA180010",0.615381475212053
"MCB180119",1.62293237773702
"CHE180009",0
"DMR170057",0
"DMR180041",1.00465583335937
"CTS170037",1.01376061845559
"CHE160054",0.0607088095379818
"ASC170007",0.059736101096496
"CHE180015",1
"DEB160001",0
"DEB170011",0.0459524213756215
"CTS180032",0.450374617357738
"PHY160034",0.988145251316018
"PHY170004",0.525567025016062
"DMR170020",0.0186548296180538
"DMR170112",1.24233121424913
"ASC180020",1.57972664060071
"CHE180084",0
"IRI180030",1.03748420437332
"CHE160085",1.06862679454498
"DMR160180",0.218056012876332
"DMS180034",0.719979858957231
"PHY170041",1.61412008199841
"PHY170050",1
"IRI180007",0.00492310282719401
"MCB170016",1.98387341573834
"ATM160010",2
"PHY180060",0.80147167830728
"MCB170165",0.403016757359728
"MPS180001",1.24009042792022
"MCB160206",0.0939525176118067
"MSS180010",0.00899738064146967
"EAR170015",0.259814317012206
"CHE160067",1.22471917839721
"MCB170026",0.34479382368736
"ECS180001",1.42328234575689
"CTS170031",0.0242323786968191
"MCB180056",0.391563527286053
"MSS190010",0.262792934663594
"HUM180003",0.383233114145696
"DMS160006",1.53209441760555
"CHE170038",0.0217961762100458
"IBN170006",0
"CHE170059",2
"CTS160024",0.0242577990982682
"MCB160205",0.954702096450578
"BIO160040",0.0318183684721589
"MCB170053",0.990406660940037
"BIO180014",0.068171060597524
"MCB160136",0.818781507690437
"CTS180052",1.01291865760495
"DEB160012",0
"CHE160032",1.88351995917037
"BIO170011",0.930631107185036
"PHY180050",0.126200092025101
"MCB180143",0.56130696919281
"AST170032",0.594448244874366
"BIO160076",1.07610456158873
"BIO170096",1.05231332538579
"DMR170104",1.02145105064827
"PHY180040",1.96564090531319
"CHE170076",0.701490373816341
"CHE160094",0.346294904849492
"CHE170090",1
"MCB170146",0.0687702652066946
"DMR180021",1.33092112373561
"CIE170021",0.734723845683038
"MCB170032",0
"CHE180014",0.83277947769966
"CHE180096",1.0026718830457
"CCR160027",0.110765501181595
"ENG160037",1.8539078864269
"BIO160046",0.351972017087974
"AST170021",0.775933466898277
"OCE160022",0
"PHY160047",0
"DEB160009",0.722465676325373
"EAR180005",0.121108845621347
"DMR170120",0
"ASC170053",0.36129053728655
"CCR180021",1.27769360085949
"EAR160042",0.0985206780684994
"IBN170008",1.10728680854663
"DMR160024",1.07441145968623
"MCB150132",0.294070521998219
"CHE170068",0.724043260957114
"CHE170070",0.0218566953294906
"ATM160027",0.888318501358459
"CHE160099",1.19790828833356
"AST180046",1
"AST180060",1.53515965957195
"MCB180074",0.0349217068440371
"ENG170028",0.00942673996151383
"CTS160009",0.0600359716654413
"BCS180019",1.35426641302183
"MCB180153",0.664967577741481
"CCR160012",0.980841812092766
"CHE160035",1.63370632799342
"BIO170076",1.874792822171
"PHY160023",0.0552118010252162
"CTS180015",0.425224067340605
"BIO180032",2
"MCB180208",0.523081843066029
"MCB170077",0.590557988267392
"DMR150105",0.637185219395906
"DMS180008",1.57254451792687
"CHE180085",1
"DMS170022",0.290841997158714
"DMS180005",0.0392022288637236
"PHY170002",1.01186198354934
"DMR160190",0.791528496169485
"PHY170025",0.964837121288736
"DMS170029",1.37706930749118
"MCB170069",0.0402620099484921
"ASC160010",0.308487101155333
"SES170013",0.966123798955232
"CCR170007",0.682053450029343
"DMR160004",0.344225094257854
"MCB160168",2
"MCB180120",1.00890423571691
"AST170018",1.05056962324306
"SES180009",0.0439146652005763
"MCB160183",0.981676936509285
"DMR160063",0.589458440151066
"CTS150055",1.15873680729419
"MSS170015",0.460332468664274
"SBE160002",1.26394188404083
"DEB170015",0
"DMS160028",0.18431412675418
"SES180017",0.240211975760758
"AST170001",2
"DMR160149",1.54852057574317
"DEB160002",0.712743694987148
"MCB170126",0.0684087539885269
"ASC180005",0.123724532616325
"MCB170063",0
"DMR180127",0.121339829716397
"OCE180007",0.0422845491440967
"DMR170089",0.748184002516791
"DEB170001",0.358550060261041
"MCB160140",0.00350424928920287
"CCR160024",0.569815642572939
"MCB180132",0.915803354616968
"DMR180028",0.828745173290372
"BIO170114",0.991765251304465
"EAR160003",0.182484386954457
"EAR160015",1.88908246485516
"CCR160028",2
"CCR170017",1
"MCB180178",0.813907990697771
"BCS180016",0.151000157697126
"AST160033",1
"AST160044",0.0437011560042297
"MCB180012",1.48199528781697
"CIE170012",1.92089890269563
"CCR180005",0
"MCB170064",0.172454360709526
"CDA170013",0.712410344043747
"MCB170072",0.764360715961084
"MCB160082",0.0204705615705532
"MCB170151",1.73164658481255
"MCB170019",0
"IRI180019",0.414325626567006
"DEB160015",0
"MCB170121",1.79864397691563
"MCB180099",2
"MCB160040",1
"MCB160113",0.0226612750694297
"ECS170002",0.366159125277773
"ENG170035",0.71408335166052
"MCB160160",0.791164994239807
"BIO160073",0.822903215512633
"CHE160022",0.311867209151387
"CHE170088",0.996619413220006
"CHE160041",1.04837819176654
"DMR160088",1.86831612000242
"DMR160101",0.305025840410963
"DMR170091",1.46502376720309
"CDA150009",1.15801575221121
"PHY170029",0.8301289052004
"PHY160006",0.0698746521874607
"PHY170047",0
"PHY170005",0.401684948708862
"BIR170001",1.05638826808427
"ASC170010",1.03119168646332
"CHE180037",0.156329294387251
"PHY190032",0.554329021112062
"CHE170036",0.0276332530425861
"CHE170065",0.0650559288565784
"AST180023",0.946620873023324
"MSS160022",1.0152089454066
"MSS170032",0.759297350258566
"SBE160004",0
"MCB160164",0.264824973419309
"MCB160173",1.00017392563168
"MCB180003",0.0227540666237473
"BIO170046",0
"EAR170017",0
"MCB180179",0.888770494377241
"CCR170020",0.632224303274415
"CIE180017",0.387908902461641
"CHE150078",0.892596479039639
"OCE180016",1.03977514551465
"CTS180012",1.24224940827116
"CHE170020",1.0443576699547
"AST180010",0.110524472095793
"EAR160036",1.13834511628374
"DMR160130",0.545953301712871
"OCE160024",0.0237907967455755
"AST170042",0
"CHE170024",1.3482582080178
"DMR180121",0.0245079767115789
"DMR160145",1.43183695618063
"CTS160017",0.485784880956635
"DMR160185",0.466806889767759
"ASC170003",1.11900873621926
"MCB170159",0.4945416550152
"MIP180003",0.885248045763001
"DMR180045",0.00559148041743341
"BIO160003",0
"EAR160008",0.980274563471267
"PHY160026",0.502671450679191
"DMR160188",0.0110268815332942
"DMR170078",0.788826798507944
"MCB170033",0.836190052516758
"CHE150094",0.545982013363391
"BCS180015",0.00323068146547725
"MCB160039",0.172493795049377
"BIO160078",0
"CHE180028",1.02075746778864
"BIO160070",1.19873428624123
"ATM170016",2
"OCE170010",1.09116740936879
"ATM160024",0.0570213034749031
"MCB160035",0
"ENG160043",0.0820071833906695
"CHE180099",0.936000346182846
"CTS160067",0.136357991024852
"CHE170029",0.881795883458108
"MCB180073",0.755092329671606
"DMS160026",0.62475359395612
"ASC170024",1.39307464659214
"MCB170083",1.2457752013579
"CIE160014",0.237638442940079
"DMR180053",0.0361964256519649
"MCB180088",1.00656977202743
"BIO170079",1.27013414818794
"BIR180002",0.934736724174582
"CTS160072",0.392569667403586
"PHY180062",1.04084720043465
"DMS160013",1.0328449733469
"MCB170065",1.02760128218449
"MSS160007",0.166043800476872
"MSS170004",1.10860989858468
"BIO170060",1.02747392996703
"AST160031",0.628105099219829
"MCB180192",0.438159010256641
"CHE180067",0.408928073290735
"ASC170060",0.492836014297791
"CTS170052",0.725420391187072
"PHY170058",0.858217420129946
"MCB160129",0.341997008980252
"CHE160079",1.78393533732742
"EAR160031",0.785435695201159
"ASC170050",1.05494645452844
"DMR180040",0.00755888488004791
"SES170015",1.06813460318535
"CCR150039",1.99530346132815
"ECS170001",1.60966990701854
"IBN160017",0.119896911713295
"AST160014",1.01066106895451
"MCB180064",0.233468909212388
"CTS160059",0.292874631565064
"CHE180076",0.84282166750636
"MCB160078",1.00412281432655
"CHE180044",0.394544965634123
"CHE180081",0.0384253910592276
"AST180011",0
"MCB180200",0
"MCB170023",0.086223318973454
"MCB160135",0.064788158014453
"CHE170037",0.0543329774825215
"CHE170095",0.123249012511224
"MCB160081",0.410983354807831
"CTS160041",0.701011015381664
"MCB160038",1.59502450516447
"MCB160177",0.917663569981232
"MCB160153",0.217600035225041
"MCB170003",0.141287885373458
"OCE160005",0.981967866281048
"EAR160033",0.869156422256492
"CCR180019",0.648441195953637
"PHY180058",0.893651934340596
"MCB170024",0.141842048615217
"MCB160141",0.308269946184009
"DPP180003",1.68395703425631
"EAR170012",0.267523079668172
"DMS180031",0
"MCB180136",1.02806377080269
"DBS170011",0.382580856792629
"ASC180008",0.536603466421366
"ASC180060",1.64506953954697
"CIE150033",0.2201703770319
"MSS180020",0.029676354303956
"CCR170032",0.0480121802538633
"AST160057",0.97588571277797
"ENG160041",1.69837888004258
"PHY170046",0.483606892544776
"AST150058",0.723225415684283
"OCE170021",0.0621753918239847
"DMR180054",0.644790960825048
"CHE180047",0.911877401099279
"CIE170054",1.49313273793086
"MCB180195",0.0122557370634708
"CIE160021",0.935191059135832
"CIE170034",1.09332694543649
"DMR180116",0.303261699154973
"IRI180005",0.942573776821387
"DMR160002",0.385668007144705
"EAR160040",1.16240065265447
"AST170033",0.00536047399509698
"MCB160099",1.24076374480501
"MCB170020",0.0629483755212277
"MCB180075",0.0355340561317835
"ENG170012",0
"EAR160030",1.93144477298483
"BIO160036",0.00576039822772145
"PHY180002",0
"BIO170055",1.03658991344273
"EAR160022",0.584186211414635
"MCB160150",0.656264506885782
"CCR170004",0.334597170422785
"DMR160038",0.893997229891829
"CTS180007",0.425558779528365
"CDA160011",0.0202248004906976
"MCB160071",1.06532577611506
"PHY160019",0.282672185008414
"BCS170012",0.896238510403782
"CTS170040",1.02916601045519
"OCE170005",0.335786785301752
"MCB160017",0.370550610218197
"MCB160060",1.68915097648278
"MSS170027",0.237895107804798
"CDA180002",0.416650818730705
"PHY160060",0.815336463809945
"PHY170026",2
"CCR180026",0
"OCE160017",0
"OCE170001",0.798093409161084
"AST170015",0.252229024469852
"ASC170012",0
"ENG170020",0.533201797190122
"MCB170127",0.62377576821018
"DEB180012",0.354510789271444
"ASC170014",0.149814403988421
"AST180018",0.882842585095205
"CIE170030",1.01588238011362
"CTS170029",0.677362603135407
"CHE180090",0.328109944146127
"IBN160010",0.130918840340072
"BIO180004",0.037621232541278
"PHY160059",1.47883325908333
"ASC160026",0.402177821053192
"CIE160047",0.0225174145645516
"CTS160070",0.984401176217943
"AST180014",0.0462464615769572
"DMR180030",0.661683104466647
"CIE160008",0.299139068112709
"CIE170006",0
"CTS180053",0.144485211209394
"DEB170002",1.67602984560654
"ASC170046",1.01279029947487
"MCB170131",0.52803362486884
"DMR170017",0.202489633020014
"MCB180094",1.07858448203963
"NCR170001",0.815362637862563
"MCB180184",1.73343282053247
"AST180017",1.08075814274743
"CHE180031",1
"SES170007",0.81242955068592
"ASC160014",0.682399533409625
"AST160065",0.0130697506260735
"MSS170028",1.03344806055538
"EAR180015",0.0786330277999751
"IBN180009",0.707171256653965
"BIO180021",0.835792304482311
"CTS180004",0.0530140639902511
"CTS160029",0.971976553089917
"MCB180124",0.894661523541436
"MCB150150",0.003460369658687
"AST160034",2
"CHE160020",1.08836951667909
"EAR160016",1.88534938637167
"DMS180004",0.639458512584679
"MCB160012",0.98549996164215
"CTS180026",0.509040487906896
"DMS160017",0.170398524706252
"CHE170021",1.02373496621092
"BIO170052",0.994690468069166
"MCB180202",0.93189507573843
"PHY180061",0.921319124987349
"PHY170056",0.679311954881996
"CTS160053",0.00646048886404385
"CTS160057",0.670247917994857
"PHY150036",0.864702482963912
"MCB170147",0.109460739372298
"DMR160105",0.0657200873829424
"ASC160070",1.06284895911813
"CTS160026",0.704382320400327
"CTS170026",0.259867986664176
"ENG170030",0.323407536139712
"BIO170044",0.0335957601722653
"CTS160033",0
"BIO170115",1.2725500552915
"CHE170093",1.02758187039464
"CHE180022",0.156893933191895
"CTS180017",0.942631041631103
"IBN170007",0.351268522930332
"ENG170004",1.01515457499772
"ENG170008",0.812730171065778
"ECS160002",0.0648357696365565
"CHE150093",0.701145449467003
"CHE170085",0
"ATM160015",0.235947438352741
"MCB180067",0.757651647063904
"MSS160012",1.13205382134765
"CTS160056",1.00551515498664
"DMR170088",0.989422785102847
"DMR160049",0.460736314905807
"DMR160115",0.799213150050491
"DMR160020",1.01860137351323
"MCB170078",1.98837847588584
"CHE190091",0.0340642364889725
"AST190001",1.6102945888415
"AST180052",1.03948542790163
"CHE160077",1.94276536116377
"DMS170030",0.519171088677831
"BIO170054",0.263310430105776
"CTS150053",0.115684352797154
"DMR160090",0.906731394815814
"DMR170008",0.627714267466217
"CIE160026",0.936018048903451
"BIO160085",0.855418979306705
"MCB170080",0.112007989711128
"MCB170149",0.00396447921435383
"CTS170049",1.04019364574924
"MPS170001",0.25537478690967
"IRI180022",1.00366353625002
"DMR170126",1.06812426420034
"ENG170021",1.35572942113504
"MCB160145",0
"PHY170008",0.675604778085835
"ASC160022",0.269436207832769
"OCE160003",1.46929177688435
"MCB170156",0.31736899598036
"MCB180019",0.356606156961061
"PHY180010",0.470158846583217
"DMS170014",0
"SBE160001",0
"ASC170011",1.09380474909909
"PHY170033",1.00998967257641
"BIO180040",0.998139466671273
"MCB170071",0.462108987849206
"HUM150002",0.849447288922966
"ASC180054",0.202871277788654
"MSS170025",0.164882919308729
"DMR170093",0.668826702516526
"ASC160045",1.08929761641193
"MCB180035",1.37952365307137
"MCB170163",0.149821851262823
"MCB170012",0.764192512258887
"DMR170050",0.667319269129075
"ENG160009",0.855013602017425
"DBS180007",0.394181736465544
"BIO170105",0.0874550746857655
"BIO180006",0.155496427207254
"MCB180070",0.679871529503726
"DMR160089",0
"DMR160157",0.763777183415368
"BIO170100",0.782928491872735
"SES170014",0.104805915756151
"DMR170006",1.02156107372139
"CTS160065",0.905199015842847
"AST160030",0.0382637595757842
"IBN180003",1.0987404714307
"DMS170010",0.581988508137874
"MCB170031",0.183062376920134
"MCB170060",1.05786752426066
"DMR170028",0.212435118388385
"AST170004",0.364299606834538
"CTS160035",1.02137913464213
"DMR160117",0
"BIO170047",0.980375567011412
"CHE170060",0.0642416682094336
"ASC180011",0.0526186961570931
"MCB160077",0.951459988113493
"IBN180001",0.0889160755967069
"DMR160189",1.57033707527444
"CDA160010",0.0535544725805509
"CTS180016",1.09814854821955
"PHY160036",0.623301876406185
"MCB160026",0.0239398207713283
"CTS160002",0
"MCB180063",0.0176462184918754
"ENG170036",0.0469930963476956
"DMR160027",0.525762523524463
"ASC180022",1.0158225822961
"DMR180064",0.89923280557243
"DMR170081",0
"SBE180007",0.769974706415087
"SES170020",1.04706733887368
"SES180010",1.02383082907186
"MPS180003",0.0940745729021728
"DMR170058",0.103251317329705
"DMR180081",0
"OCE170007",0
"BCS180023",0.292347699892707
"DMR170032",0.269452843698673
"ENG160036",0.113904715585522
"MCB160055",0.046669440343976
"MCB160050",1.71386964479461
"MCB180078",1.52926241839305
"CHE170007",0.918770724332753
"AST180019",0.0400737744709709
"MSS170001",0.761180500499904
"CHE180054",1.06466033200599
"CCR180051",0.196145462384447
"ATM160030",0.603539854311384
"ENG160027",0.405202130554244
"MCB180108",0.700277468841523
"CHE170044",0.487819322245196
"DMR180083",0.667708496912383
"CCR180045",2
"DMR160075",1.03009095491622
"CCR170015",0.184350755368359
"CHE180072",0
"OCE170017",0.147178131854162
"OCE170004",0.899946049577557
"CIE160044",0.957959160162205
"MCB170112",0
"CHE160078",0.160034092376009
"AST160032",0
"PHY170039",0.251618625596166
"PHY170054",1.05074285529554
"EAR170018",0.193934908602387
"DMS180035",1.0538115139585
"MCB170058",0.0849492796231061
"MSS170037",0.00342843879224453
"ASC180019",0.460942659061402
"IRI180024",0.97420571268037
"ASC180026",0.616298103239387
"CCR170014",0.49374416237697
"CHE160044",0.497724434104748
"MSS160017",0.128842241549864
"MSS160025",0.66643098834902
"AST170031",0.0950812144903466
"AST170038",1.03529797877601
"BIO150078",1
"BIO160079",1.04051910967732
"SES180018",0.040389956025625
"ASC180053",0.817975471494719
"CHE160053",1.0865699526621
"CHE160082",0.883298789686523
"DMR160168",0.66143250791356
"DMR160078",0.0123724923701957
"IBN170011",0.380088071362115
"DMR160148",0.848655528505333
"CHE170052",0
"DMS170021",0.968570541590452
"MSS160028",0.0813662619097158
"MCB160005",1.01193832194429
"BIO160063",1.12240312481299
"CHE160098",0.00653215391417883
"CHE170034",0.235079784411937
"ENG160010",0.00308734976797863
"MCB160025",0.247987493337132
"ASC160011",1.60166763886809
"ASC160039",0
"DMR180039",0.070722722238861
"DMR180068",1
"DMR160143",2
"CTS170010",1.95011023944244
"MCB170028",0.495451468229294
"CIE180011",1.04357189095237
"CDA180013",0.113633715012111
"DMR190013",1.9533598232083
"CHE190039",0.804465576098301
"DMR170124",0.478746414231136
"DBS170005",0
"BIO160038",1.05071366268676
"CTS160048",1.05429487454239
"DMR160170",1.09276088306431
"CIE160017",0.741185777913779
"SBE170003",0.210825497750193
"CHE160038",1.76315056812018
"CHE170006",0.83671302262228
"ENG160007",0.00230827407161202
"BIO160089",0.736372163984925
"BIO170010",1.2137997681275
"DMR170025",0.0532451716925027
"MCB160194",1.00404128896031
"CHE180032",1
"CDA170007",0.781602202937938
"CHE160095",0.0770422542234883
"IRI180020",0.964641569764316
"MCB180171",0.973815904679739
"DMR170055",1.06271890830249
"PHY170009",0.351869082543999
"PHY170011",0
"PHY180011",0.269625559612177
"MCB160046",0.999419542960823
"MCB170153",0.0911139565519989
"HUM170002",0.270041361753829
"MCB170018",0.0433476577583329
"AST170020",0
"DMR170122",0.462381756096147
"MSS160021",1.07043396821246
"DEB180016",0.393424286064692
"PHY180018",0.853677180712111
"MCB170107",0.332684458442964
"ASC180046",0.93404550457573
"BIO160006",0.169759845361114
"CTS160032",0
"CTS160038",0.409586355439387
"DMR170083",0.690773295564577
"DMR160120",1.08610297311097
"CCR160013",0.971600564196706
"BIO180017",0.499533008784056
"DMR160005",0.898011345881969
"CTS180048",0.0873512074584141
"DMS180010",0
"CCR170010",1.05057092104107
"ATM170012",0
"ASC160035",0
"ASC170002",0.965444914530963
"MCB160105",0.031495614213971
"DMR180126",0.997222297086319
"DMR180084",1.0940388758434
"BCS180017",1.03112023589201
"DMR170110",0.950022313534282
"MCB160139",0.776582433842123
"PHY170015",0.278218164015561
"PHY180017",1
"CDA160012",0.949593605473638
"OCE160004",0.832688911282457
"SES160002",0.295657632523216
"MCB180176",1.05859834626317
"MCB160064",1.19462890457362
"DEB180006",0.491344277188182
"DMR180001",0.986286809347598
"OCE170019",1.03836175588481
"DMR170125",0.501289747701958
"MCB180209",0.394938378059305
"MCB180203",0
"DMR180034",1.03600719815586
"BIR170002",2
"BIR180001",1.01133023136176
"PHY170048",1.95294695999473
"PHY180052",0.0137782235006948
"PHY170031",0.233312166854739
"SES170022",0.0605062046088278
"DEB160007",0.269863858819008
"ENG170016",0
"DMR170064",0.00365188275438472
"DMR170076",0.95974132983663
"ART170002",1.01795812418373
"DEB180014",2
"MCB170111",1.40556503739208
"CCR160021",0.889872389379889
"MCB190109",0
"AST160055",0.316604106244631
"AST160066",1.16049198620021
"AST180034",0.418932007160038
"MCB160053",1.59429866215214
"DMS160012",1.67631195485592
"NCR160004",1.10912341568517
"CTS160039",0.927987809292972
"ATM170008",0.0199831595248445
"ENG150035",0.997568573024717
"BIO170033",1.73546793311834
"BCS180022",0.639956146641634
"IRI180002",0.0025713094862881
"DMR170047",0.323629904305562
"BIO160028",0.0192866218126483
"IRI180029",0.63003960903734
"SBE180004",1
"ENG160035",0.55568883609958
"BCS180008",0.591179497633129
"EAR160009",1.60833452455699
"MCB150143",0.682621565647423
"PHY170014",0
"PHY170020",0.462549789994955
"DMR160081",0.6391569389496
"AST180031",0.511721429089084
"AST180021",0.0291470253012601
"AST180058",0.954154010259821
"DMR160079",0.765949993464164
"DMR160113",0.993472484509001
"MSS170030",1.03490098669632
"ASC160020",0.725055390503258
"CIE160025",0.100356650538743
"MCB170038",0.948200146714225
"OCE180004",0.087454384402372
"OCE190014",0.784690627944656
"OCE160010",0.356203268282115
"DMR160183",0.190517655364238
"BIO170048",0.965551941847438
"DMR160181",0.113061222713441
"BIO180016",1.00041694604408
"MCB170134",0.67948405276984
"CTS170019",0.0136273212879282
"PHY160048",0.087368915672414
"EAR160037",0.915687984391116
"ATM160028",0.238268195558339
"DMR160059",1.63008670136333
"AST160008",0.421424252446741
"CCR170021",0.463429893366992
"CTS160007",1.08224443451696
"BIO170038",1.23170457035303
"BIO170095",0
"DMR150127",0.825452486844733
"DMR160114",1.09451982332394
"BIO180013",0.501605064654723
"CTS170015",0.578776506241411
"AST160001",0.852372036781162
"CHE160011",1.8003096296452
"AST180067",0.474015209358186
"SBE180001",0
"CHE180021",1.23079973459244
"DMR160128",0.0154713230378997
"CCR180016",0.521055370569229
"CIE170023",0.0732263358268501
"PHY160054",0.00296313467920722
"PHY170022",0.0290743256919086
"PHY160021",0.44786738557741
"PHY160032",1.05368129063863
"BIO160039",0.574041318474337
"AST160002",0.94265823137549
"DMR170016",0.0984623366684031
"MCB170086",0.367795832222328
"SES170018",0.941944920169372
"SES180020",0.652840355737135
"MCB160201",0.157842838298529
"BCS170013",1.00098976158266
"MCB160155",0.452468731859699
"MCB170099",0.0230928664610524
"DMS170003",0.948923417046818
"MCB150149",0.00297692845099248
"MCB160041",0.10114536061883
"ASC160076",0.988336344578276
"DMR170092",1.00479375136601
"DMR180072",0.686666192882694
"SES160003",0.456664289813489
"DMR180022",0.529606187390164
"DMR160110",0.114567618537694
"DMR170077",0.034409055991428
"DMR180012",0
"AST180037",0
"MCB160052",0.439051151275635
"CHE160006",0.0371922971705543
"DMR190032",0.276041633915156
"DMR180091",0.0634486675262451
"BCS160006",0.245981466956437
"BIO170082",1.01157775416133
"CHE180038",0.966900097343647
"SES180003",1.06788927463906
"CHE160027",0.399730318039656
"CHE160037",0.239500038791448
"PHY180009",0
"ASC160046",0.653376865549944
"CCR180059",0
"DMS180021",0.780040602199733
"PHY160014",0.00367533932117111
"AST160035",0.00933091265120241
"AST160059",0.117843305435963
"OCE180002",1.71091858204454
"MSS180006",0.0785060016523899
"PHY160001",0.342847407795489
"ECS170003",1.08735871543841
"DMR160129",0.989721652878101
"CCR160007",0.448654879815876
"EAR170004",0.00446022334671944
"CIE170036",1.76040639076382
"IRI180015",0.97693554898724
"CHE170039",0
"CHE160024",0.26701592176687
"CHE160089",0.0384757148717209
"SES180023",0
"BCS170011",0.0976360895903781
"DMS180001",0.0406592223477716
"DMR180032",0.394820854649879
"MCB170044",0.0581753662995684
"SES170003",0.857563381735235
"PHY160011",0.244637525640428
"PHY160030",0
"PHY160018",0.512895823386498
"AST170029",0.423381857573986
"MSS170021",1.02516600513232
"MCB170046",0
"MCB170062",0.0148904823130222
"PHY170059",1.9221222512424
"MCB170074",1.55270612379536
"CHE180027",0.415732046402991
"DMS180043",0.631753132934682
"ECS180015",0
"DMR150113",1
"ENG170024",0
"DMS180020",0.0124157718955421
"MCB180116",0.0330554173942297
"MCB170015",0.153290765709244
"AST160052",0.7643299538875
"AST170013",1.61015585297719
"DEB170009",0.0867382964307108
"CCR160008",0.0455907215660893
"AST150061",0.809377080202103
"MCB170150",1.47303396696225
"SES170005",0.975305803897785
"MSS180011",1.01476995951374
"CCR180064",1.00011954839955
"ECS170009",1.29490636102855
"MCB180147",0.478044001897797
"CIE160033",0
"DMR160186",0.104969760692102
"DMS170007",1.87824176298454
"DMR160097",1.96294771879911
"AST170024",0
"DMR160126",0.391804547049105
"DMR160165",0.56393048686441
"OCE180014",1.08431900944561
"MCB170087",1.2592446631752
"DMR160184",0.58761467859149
"CHE170003",0.011401754793014
"BIO150059",0.456737845670432
"OCE170003",0.114579628221691
"PHY160004",0.0648108014175176
"CCR150031",0.880870072636753
"MCB160128",0.22996220830828
"CIE170029",0.00359300771797836
"CCR180031",0.149601578875445
"IRI180010",1.74542888719589
"DEB160008",0.659536913502961
"BIO160008",0.297030451241881
"DBS180013",1.79000930814072
"BIO170099",0.962365962378681
"MCB160188",0.880453889886849
"DMR160023",0.32843837949913
"BIO180039",0.224933950370178
"ATM160009",0.184864261653274
"DMR160077",0.491954168304801
"DMR170003",1.06785235497668
"SES180011",0.0329929166473448
"CTS160028",0.756437491881661
"IBN160003",2
"MCB170025",0.777725974214263
"CTS170032",0.879947535414249
"DMS180025",0.0378120032606794
"OCE160008",0.115354943834245
"DMR160187",0.0568594161288094
"ENG180002",1.00890890774317
"MSS170024",0.0183769729286495
"EAR180010",0.0257812010528235
"MCB170070",0.381125334440731
"CTS160068",0.176290910760872
"DMR170111",1.06300928477923
"PHY170030",0.0611811424001784
"MSS160011",1.02184967404927
"DMR160136",1.05469550348353
"AST160009",0.998431121022441
"CHE170040",1.18777241418138
"IRI180006",0.744783655856736
"CTS170055",0.330566381686367
"ENG170034",0
"BIO160056",0
"MPS160001",0.417401627334766
"MCB160189",0.406203470355831
"MCB160167",1.05050896278117
"AST160071",0.920715926494449
"CTS170036",1.09806935593933
"BIO160030",1.34087565960363
"CCR160003",0.190655387169682
"ASC150048",0
"HUM150005",0.512129432568327
"DDM180002",1.3512380393222
"ASC180012",1.90366933774203
"BIO170028",0.593160647293553
"DMR170022",0.294111481239088
"DPP170003",0.162002766970545
"DPP180002",1.04137464740779
"CCR160011",0.0401834957534447
"CCR160030",0.397039065719582
"AST180001",0.982597683556378
"ENG160029",0
"MCB180173",1.10163580114022
"DMR180006",0.229812115896493
"BIO160057",1.07303595948178
"MCB160022",0.331881804997101
"MCB160031",0.233357226010412
"OCE180008",1.11118164798245
"IBN160014",1.09515048847534
"PHY180042",0
"CIE160020",0.836001132032834
"BIO150062",1.0589331906056
"DMR180059",0
"SES160012",0.89421671256423
"PHY150039",1.23120125755668
"CTS160013",0
"DMR160106",0.890431504976004
"DMS180024",0.760374964307994
"BIO160031",0.985164602574672
"MCB160181",1.18944300245494
"MCB170006",0.95700169011782
"MCB180032",1.4309271494858
"CTS170030",0.603413360659033
"BIO170002",0.83139692991972
"CTS170014",1.00587504289579
"BIO160060",0.0147491693833227
"AST180036",0.613047455670312
"MCB160152",0.3532720124349
"MCB160134",0.689886217308231
"ENG160032",0.633313970034942
"CHE180050",1.58179050544277
"BCS170014",0
"CHE170042",0.750512574799359
"ASC160081",1.44966545933858
"CCR170016",0.963852091878653
"CTS180014",0
"CTS160015",0.955641828943044
"CTS160021",0.0511685002360038
"ASC160018",0.256466983351856
"DEB170016",1.95942344842479
"CTS180045",0
"AST160049",0.0290602876154575
"MCB160203",0.657394016999751
"CIE160015",0.394823553832248
